<?xml version="1.0" encoding="UTF-8"?>
<project-private xmlns="http://www.netbeans.org/ns/project-private/1">
    <editor-bookmarks xmlns="http://www.netbeans.org/ns/editor-bookmarks/2" lastBookmarkId="0"/>
    <open-files xmlns="http://www.netbeans.org/ns/projectui-open-files/2">
        <group>
            <file>file:/C:/Users/weron/OneDrive/Dokumenty/NetBeansProjects/PO25_Projekt_Mini_WSzymanka_NWieczorkiewicz/src/po_pr_kod_g15/Sor.java</file>
            <file>file:/C:/Users/weron/OneDrive/Dokumenty/NetBeansProjects/PO25_Projekt_Mini_WSzymanka_NWieczorkiewicz/src/po_pr_kod_g15/Budzet.java</file>
            <file>file:/C:/Users/weron/OneDrive/Dokumenty/NetBeansProjects/PO25_Projekt_Mini_WSzymanka_NWieczorkiewicz/src/po_pr_kod_g15/Karetka.java</file>
            <file>file:/C:/Users/weron/OneDrive/Dokumenty/NetBeansProjects/PO25_Projekt_Mini_WSzymanka_NWieczorkiewicz/src/po_pr_kod_g15/Objawy.java</file>
            <file>file:/C:/Users/weron/OneDrive/Dokumenty/NetBeansProjects/PO25_Projekt_Mini_WSzymanka_NWieczorkiewicz/src/po_pr_kod_g15/Pacjent.java</file>
            <file>file:/C:/Users/weron/OneDrive/Dokumenty/NetBeansProjects/PO25_Projekt_Mini_WSzymanka_NWieczorkiewicz/src/po_pr_kod_g15/Personel.java</file>
            <file>file:/C:/Users/weron/OneDrive/Dokumenty/NetBeansProjects/PO25_Projekt_Mini_WSzymanka_NWieczorkiewicz/src/po_pr_kod_g15/Osoba.java</file>
            <file>file:/C:/Users/weron/OneDrive/Dokumenty/NetBeansProjects/PO25_Projekt_Mini_WSzymanka_NWieczorkiewicz/src/po_pr_kod_g15/StanPacjenta.java</file>
        </group>
    </open-files>
</project-private>
